name,mean,var,skew,kurtosis,sampling_rate,num_train_samples,num_test_samples,output_dim,mean_1,mean_2,mean_3,mean_4,mean_5,mean_6,mean_7,mean_8,mean_9,mean_10,mean_11,mean_12,mean_13,var_1,var_2,var_3,var_4,var_5,var_6,var_7,var_8,var_9,var_10,var_11,var_12,var_13,skew_1,skew_2,skew_3,skew_4,skew_5,skew_6,skew_7,skew_8,skew_9,skew_10,skew_11,skew_12,skew_13,kurtosis_1,kurtosis_2,kurtosis_3,kurtosis_4,kurtosis_5,kurtosis_6,kurtosis_7,kurtosis_8,kurtosis_9,kurtosis_10,kurtosis_11,kurtosis_12,kurtosis_13
data02,-3.840200901031494,1696.1016845703125,-6.374508857727051,64.01581573486328,16000,428,107,7,-64.0151138305664,20.50575065612793,-1.1383875608444214,8.077459335327148,-2.1902916431427,1.4509681463241577,-3.553107500076294,-2.3790175914764404,-3.449496269226074,-0.1821332424879074,-1.8167922496795654,-0.9550880193710327,-0.2773734927177429,6405.6884765625,1215.9046630859375,506.69073486328125,335.8656005859375,178.3617401123047,127.07643127441406,105.67387390136719,70.3248519897461,74.35933685302734,59.76704788208008,45.403324127197266,43.55268096923828,41.706459045410156,-8.965222358703613,7.811622619628906,5.573606014251709,7.701500415802002,4.162360668182373,6.181712627410889,-4.4880781173706055,3.887552261352539,-3.288266181945801,4.393550395965576,-3.062476634979248,-0.9761384129524231,6.102287769317627,158.16452026367188,140.61212158203125,153.63336181640625,147.126220703125,157.45445251464844,145.83267211914062,149.1525115966797,151.6745147705078,154.68304443359375,147.80137634277344,160.74635314941406,148.92526245117188,147.46902465820312
data03,-5.187178134918213,2439.79833984375,-5.921168327331543,48.800926208496094,16000,976,200,3,-83.01690673828125,23.025190353393555,1.281852126121521,7.189151763916016,-1.4124795198440552,-1.5052117109298706,-3.7882461547851562,-1.3102003335952759,-2.7957043647766113,-1.0885279178619385,-2.036353349685669,-0.4716983139514923,-1.5041823387145996,7356.1376953125,1293.49609375,411.4866638183594,321.1640930175781,177.08526611328125,132.5073699951172,113.13019561767578,85.62179565429688,73.6739501953125,56.719940185546875,45.7271614074707,39.68042755126953,38.06981658935547,-10.666715621948242,0.0,0.0,0.0,0.0,0.0,0.0,0.0,0.0,0.0,0.0,0.0,0.0,224.30123901367188,0.0,0.0,0.0,0.0,0.0,0.0,0.0,0.0,0.0,0.0,0.0,0.0
