name,mean,var,skew,kurtosis,sampling_rate,num_train_samples,num_test_samples,output_dim,mean_1,mean_2,mean_3,mean_4,mean_5,mean_6,mean_7,mean_8,mean_9,mean_10,mean_11,mean_12,mean_13,var_1,var_2,var_3,var_4,var_5,var_6,var_7,var_8,var_9,var_10,var_11,var_12,var_13,skew_1,skew_2,skew_3,skew_4,skew_5,skew_6,skew_7,skew_8,skew_9,skew_10,skew_11,skew_12,skew_13,kurtosis_1,kurtosis_2,kurtosis_3,kurtosis_4,kurtosis_5,kurtosis_6,kurtosis_7,kurtosis_8,kurtosis_9,kurtosis_10,kurtosis_11,kurtosis_12,kurtosis_13,model_id
flickr,-3.031794786453247,1833.70947265625,-6.848308563232422,77.2876205444336,16000,32000,8000,5,-52.67477798461914,20.05774688720703,-4.666662216186523,5.628557205200195,-1.104582667350769,1.2887321710586548,-2.0388827323913574,-0.8314985036849976,-1.8952083587646484,-1.0998576879501343,-0.4055100679397583,-1.6687287092208862,-0.0026650477666407824,6250.0654296875,1125.1072998046875,428.71484375,304.45013427734375,212.1212921142578,153.35336303710938,95.48075103759766,72.20703887939453,58.72379684448242,42.63357162475586,36.123252868652344,38.13990020751953,32.62987518310547,-103.25222778320312,0.0,0.0,0.0,0.0,0.0,0.0,0.0,0.0,0.0,0.0,0.0,0.0,18528.43359375,0.0,0.0,0.0,0.0,0.0,0.0,0.0,0.0,0.0,0.0,0.0,0.0,0
urbansound,-1.1726943254470825,914.5833129882812,-9.561925888061523,141.4987030029297,16000,740,185,10,-30.319061279296875,12.834295272827148,-0.9023116827011108,1.947715163230896,-0.19529969990253448,0.7937342524528503,-0.08877556771039963,0.5271660089492798,-0.19036933779716492,0.46363595128059387,-0.2151082158088684,0.32886335253715515,-0.2295108437538147,7032.978515625,1199.450927734375,97.14534759521484,69.33264923095703,32.540611267089844,24.194400787353516,18.942367553710938,16.601469039916992,14.029356002807617,12.514870643615723,9.995505332946777,9.502580642700195,8.64002513885498,-7.093326568603516,6.64659309387207,-3.0604753494262695,7.605891704559326,-1.0677897930145264,7.050544738769531,-1.8857578039169312,4.56265926361084,1.4267237186431885,6.353707313537598,1.5235868692398071,3.978367805480957,-1.3574904203414917,90.7541275024414,82.98576354980469,108.22835540771484,108.52755737304688,127.02200317382812,119.66448211669922,150.47691345214844,108.36325073242188,121.07923126220703,124.92092895507812,137.6529541015625,114.36785125732422,132.45506286621094,3
